id,first_name,last_name,city,province,country
1,Bernete,O'Scully,Beausejour,Manitoba,Canada
2,Catherin,Yon,Huntington,West Virginia,United States
3,Deni,Bushell,Atlanta,Georgia,United States
4,Louie,Warke,Honolulu,Hawaii,United States
5,Cheston,Endicott,Lincoln,Nebraska,United States
6,Ruth,Alben,Dallas,Texas,United States
7,Tommy,Hargess,Cumming,Georgia,United States
8,Gawain,Duckitt,Smithers,British Columbia,Canada
9,Patrice,Pape,San Jose,California,United States
10,Isaac,Garbutt,Hanover,Ontario,Canada
11,Hurley,Charlewood,El Paso,Texas,United States
12,Sax,Sandercock,Wichita,Kansas,United States
13,Akim,Bussy,Louisville,Kentucky,United States
14,Natassia,Fernley,Pittsburgh,Pennsylvania,United States
15,Grover,Franseco,Springfield,Massachusetts,United States
16,Ab,Coombe,Savannah,Georgia,United States
17,Vanda,Basset,Fredericton,New Brunswick,Canada
18,Sean,Startin,Ocala,Florida,United States
19,Paxton,MacFadzean,Saguenay,Québec,Canada
20,Jessamyn,Davydzenko,Virginia Beach,Virginia,United States
21,Hersh,Di Carli,Arlington,Virginia,United States
22,Tucker,Ettles,Atlanta,Georgia,United States
23,Opalina,Hulmes,Neebing,Ontario,Canada
24,Clerissa,Duffie,Cincinnati,Ohio,United States
25,Diann,Bastone,Portland,Oregon,United States
26,Ev,Shellshear,Torbay,Newfoundland and Labrador,Canada
27,Fernanda,Grice,New York City,New York,United States
28,Zilvia,Javes,Portland,Oregon,United States
29,Chandra,Kener,Charlotte,North Carolina,United States
30,Darrick,Barroux,Garden Grove,California,United States
31,Ignatius,Sheldon,Pueblo,Colorado,United States
32,Reggy,Camelin,La Broquerie,Manitoba,Canada
33,Justin,Corday,Carlton,England,United Kingdom
34,Giorgi,Roundtree,Newport,England,United Kingdom
35,Graeme,Hundley,Sheffield,England,United Kingdom
36,Avery,Smiths,Port-Cartier,Québec,Canada
37,Jaquelin,Dealy,Greensboro,North Carolina,United States
38,Maxi,Galland,Burnside,Scotland,United Kingdom
39,Dermot,Puig,Agassiz,British Columbia,Canada
40,Liesa,Kennet,Craigavon,Northern Ireland,United Kingdom
41,Tally,Mustin,Raleigh,North Carolina,United States
42,Erma,Trevillion,Denver,Colorado,United States
43,Ericka,Bamber,Catalina,Newfoundland and Labrador,Canada
44,Chastity,Bales,Columbus,Ohio,United States
45,Roseline,Wager,Evansville,Indiana,United States
46,Quinn,Munro,Two Hills,Alberta,Canada
47,Edith,Kelle,Ladner,British Columbia,Canada
48,Scotty,Tutin,Grand Rapids,Michigan,United States
49,Tibold,Carratt,Bryan,Texas,United States
50,Astrid,Ingarfield,Louisville,Kentucky,United States
51,Arlee,Etherton,Honolulu,Hawaii,United States
52,Burg,Blessed,Arlington,Texas,United States
53,Ber,Talbot,Aldergrove,British Columbia,Canada
54,Marshal,Wills,Birmingham,England,United Kingdom
55,Fiann,Armsby,Tucson,Arizona,United States
56,Gustavo,Lindores,Catalina,Newfoundland and Labrador,Canada
57,Meridel,Megainey,Philadelphia,Pennsylvania,United States
58,Tracey,Dilleway,Maskinongé,Québec,Canada
59,Alleen,Armit,Trail,British Columbia,Canada
60,Adham,Maslen,Buffalo,New York,United States
61,Caitlin,Beazey,Mobile,Alabama,United States
62,Nari,Hassell,Memphis,Tennessee,United States
63,Duncan,Gregoli,Agassiz,British Columbia,Canada
64,Massimiliano,Soro,Little Current,Ontario,Canada
65,Darby,Caras,Plessisville,Québec,Canada
66,Ermanno,Shury,Omaha,Nebraska,United States
67,Karie,Borrie,Jamaica,New York,United States
68,Minne,Strickler,Springfield,Massachusetts,United States
69,Hayley,Ivison,Cheyenne,Wyoming,United States
70,Nissie,McCaughren,Mattawa,Ontario,Canada
71,Anson,Goater,Champaign,Illinois,United States
72,Sascha,Goldsbury,Newton,Massachusetts,United States
73,Tan,Rolles,Birmingham,England,United Kingdom
74,Chelsey,Deakan,Plessisville,Québec,Canada
75,Kit,Wetherby,Louiseville,Québec,Canada
76,Demetrius,Collimore,Wilmington,Delaware,United States
77,Noam,Jouannot,Jamaica,New York,United States
78,Etta,Crotty,Farnham,Québec,Canada
79,Barbi,Lindwall,Richmond,California,United States
80,Ilaire,Gallagher,Ogden,Utah,United States
81,Fayth,Cosans,San Francisco,California,United States
82,Josey,Qusklay,Tulsa,Oklahoma,United States
83,Massimiliano,Serot,San Diego,California,United States
84,Christabella,McAtamney,Hantsport,Nova Scotia,Canada
85,Alene,Meeland,Lafayette,Louisiana,United States
86,Osmund,Dwine,Inglewood,California,United States
87,Jo ann,Cockaday,Brampton,England,United Kingdom
88,Gloriana,Jurisch,Saint Louis,Missouri,United States
89,Morse,Gynne,Asheville,North Carolina,United States
90,Bradford,Pontefract,Cap-Santé,Québec,Canada
91,Lindsay,Duncan,Largo,Florida,United States
92,Allianora,Treby,New Orleans,Louisiana,United States
93,Dehlia,Ginnelly,Swindon,England,United Kingdom
94,Dara,Crake,Bronx,New York,United States
95,Alison,Chasteney,Washington,District of Columbia,United States
96,Karyl,Wasiel,Sainte-Sophie,Québec,Canada
97,Temple,Washtell,Macklin,Saskatchewan,Canada
98,Olivie,Bibbie,Beaumont,Texas,United States
99,Nelli,Weeke,Newark,New Jersey,United States
100,Jacynth,Rainard,Buffalo,New York,United States
